{
    "parent": "minecraft:item/handheld",
    "textures": {
        "layer0": "minecraft:item/diamond_sword"
    },
    "overrides": [
        { "predicate": {"custom_model_data": 1}, "model": "item/diamond_sword/fire_blade"},
        { "predicate": {"custom_model_data": 2}, "model": "item/diamond_sword/thunder_katana"},
	{ "predicate": {"custom_model_data": 3}, "model": "item/diamond_sword/dragon_scimitar"},
	{ "predicate": {"custom_model_data": 4}, "model": "item/diamond_sword/ocean_saber"},
	{ "predicate": {"custom_model_data": 5}, "model": "item/diamond_sword/emerald_dagger"},
	{ "predicate": {"custom_model_data": 6}, "model": "item/diamond_sword/speed_cutlass"},
	{ "predicate": {"custom_model_data": 7}, "model": "item/diamond_sword/heart_broadsword"},
	{ "predicate": {"custom_model_data": 8}, "model": "item/diamond_sword/invis_falchion"},
    { "predicate": {"custom_model_data": 9}, "model": "item/diamond_sword/empty"},
    { "predicate": {"custom_model_data": 10}, "model": "item/diamond_sword/emeraldspark"},
    { "predicate": {"custom_model_data": 11}, "model": "item/diamond_sword/featherspark"},
    { "predicate": {"custom_model_data": 12}, "model": "item/diamond_sword/firespark"},
    { "predicate": {"custom_model_data": 13}, "model": "item/diamond_sword/frostspark"},
    { "predicate": {"custom_model_data": 14}, "model": "item/diamond_sword/hastespark"},
    { "predicate": {"custom_model_data": 15}, "model": "item/diamond_sword/heartspark"},
    { "predicate": {"custom_model_data": 16}, "model": "item/diamond_sword/invisspark"},
    { "predicate": {"custom_model_data": 17}, "model": "item/diamond_sword/oceanspark"},
    { "predicate": {"custom_model_data": 18}, "model": "item/diamond_sword/regenspark"},
    { "predicate": {"custom_model_data": 19}, "model": "item/diamond_sword/speedspark"},
    { "predicate": {"custom_model_data": 20}, "model": "item/diamond_sword/strengthspark"},
    { "predicate": {"custom_model_data": 21}, "model": "item/diamond_sword/thunderspark"},
    { "predicate": {"custom_model_data": 22}, "model": "item/diamond_sword/enderspark"}

    ]
}